{
    "bleu": {
        "bleu": 0.004350892353522348,
        "precisions": [
            0.16355239786856127,
            0.016184785014386027,
            0.003994163381754035,
            0.001993005499746129
        ],
        "brevity_penalty": 0.361121873641746,
        "length_ratio": 0.49540762641531805,
        "translation_length": 267425,
        "reference_length": 539808
    },
    "rouge": {
        "rouge1": 0.10301359190168882,
        "rouge2": 0.0222546672461723,
        "rougeL": 0.08503965658874477,
        "rougeLsum": 0.08506156355139002
    },
    "meteor": {
        "meteor": 0.0705924786276996
    },
    "bertscore": {
        "avg_precision": 0.5063721569195925,
        "avg_recall": 0.45542654479690386,
        "avg_f1": 0.4758043889893538
    },
    "cer": 0.9091204020681168,
    "wer": 1.0834402744104394
}