{
    "bleu": {
        "bleu": 0.014105175161840075,
        "precisions": [
            0.21781330724668693,
            0.03469695488160732,
            0.008375226796566729,
            0.0023267417736810314
        ],
        "brevity_penalty": 0.7200262837887914,
        "length_ratio": 0.7527470209444767,
        "translation_length": 196269,
        "reference_length": 260737
    },
    "rouge": {
        "rouge1": 0.2168126408888113,
        "rouge2": 0.04801329344229897,
        "rougeL": 0.11676174270388742,
        "rougeLsum": 0.11820663271957668
    },
    "meteor": {
        "meteor": 0.10784374569966687
    },
    "bertscore": {
        "avg_precision": 0.5193018798428123,
        "avg_recall": 0.48659285583340234,
        "avg_f1": 0.4998322373695588
    },
    "cer": 0.9121004457312114,
    "wer": 1.1256475494158278
}