{
    "bleu": {
        "bleu": 0.015469932018868033,
        "precisions": [
            0.2369672943508424,
            0.035866117821715365,
            0.008584430807419155,
            0.0028194826249383236
        ],
        "brevity_penalty": 0.7263985662267421,
        "length_ratio": 0.7577729935412807,
        "translation_length": 30270,
        "reference_length": 39946
    },
    "rouge": {
        "rouge1": 0.20761753436741748,
        "rouge2": 0.05148255621674637,
        "rougeL": 0.12704014715714818,
        "rougeLsum": 0.12724460618579073
    },
    "meteor": {
        "meteor": 0.11455916601595038
    },
    "bertscore": {
        "avg_precision": 0.5448487717658281,
        "avg_recall": 0.5135591709161107,
        "avg_f1": 0.525247194721729
    },
    "cer": 0.8214794784328917,
    "wer": 1.0430790535251973
}