{
    "bleu": {
        "bleu": 0.01593394921510138,
        "precisions": [
            0.23084465437974774,
            0.03464075076799664,
            0.0077125389318260466,
            0.002525134549259979
        ],
        "brevity_penalty": 0.8020956772644774,
        "length_ratio": 0.8193179575249905,
        "translation_length": 888316,
        "reference_length": 1084214
    },
    "rouge": {
        "rouge1": 0.2404902819691988,
        "rouge2": 0.057370428853356935,
        "rougeL": 0.135214016440024,
        "rougeLsum": 0.13531400005823066
    },
    "meteor": {
        "meteor": 0.12007881798020675
    },
    "bertscore": {
        "avg_precision": 0.5287766766400092,
        "avg_recall": 0.5016282876764921,
        "avg_f1": 0.5138032186246203
    },
    "cer": 0.8207160444919475,
    "wer": 1.0542037098680987
}