{
    "bleu": {
        "bleu": 0.008325145953646154,
        "precisions": [
            0.13602780494911446,
            0.01381361115211844,
            0.002949663353638987,
            0.0008666825558468572
        ],
        "brevity_penalty": 1.0,
        "length_ratio": 1.2028488459420217,
        "translation_length": 48049,
        "reference_length": 39946
    },
    "rouge": {
        "rouge1": 0.1786228055845711,
        "rouge2": 0.029750992915398677,
        "rougeL": 0.10276443382203126,
        "rougeLsum": 0.10284007605230219
    },
    "meteor": {
        "meteor": 0.09375668252882828
    },
    "bertscore": {
        "avg_precision": 0.48546708846771264,
        "avg_recall": 0.48737929817996445,
        "avg_f1": 0.48305423996305163
    },
    "cer": 1.123317449631616,
    "wer": 1.3300018062496237
}