{
    "bleu": {
        "bleu": 0.006962052818680578,
        "precisions": [
            0.17317529181752492,
            0.016028847897179004,
            0.00224575347112845,
            0.0004240865489149065
        ],
        "brevity_penalty": 0.970925954042925,
        "length_ratio": 0.9713405287148109,
        "translation_length": 1053141,
        "reference_length": 1084214
    },
    "rouge": {
        "rouge1": 0.20223559845788697,
        "rouge2": 0.033670752555958985,
        "rougeL": 0.1089571644663514,
        "rougeLsum": 0.10906797132548068
    },
    "meteor": {
        "meteor": 0.09703990609698461
    },
    "bertscore": {
        "avg_precision": 0.485920687439529,
        "avg_recall": 0.4685149386839654,
        "avg_f1": 0.47515847158768215
    },
    "cer": 0.9764085527544404,
    "wer": 1.200997083729155
}