{
    "bleu": {
        "bleu": 0.006383711616161417,
        "precisions": [
            0.17861803426094575,
            0.017835621920179425,
            0.00257338611592447,
            0.0004549957107175188
        ],
        "brevity_penalty": 0.8168490433545865,
        "length_ratio": 0.8317384951119328,
        "translation_length": 216865,
        "reference_length": 260737
    },
    "rouge": {
        "rouge1": 0.19012483967751986,
        "rouge2": 0.03016123102327411,
        "rougeL": 0.09978288134390144,
        "rougeLsum": 0.10073748060892826
    },
    "meteor": {
        "meteor": 0.09194912750280643
    },
    "bertscore": {
        "avg_precision": 0.48481962291773056,
        "avg_recall": 0.4634077791828544,
        "avg_f1": 0.4712486939544697
    },
    "cer": 0.9776979378074985,
    "wer": 1.178461863472702
}