{
    "bleu": {
        "bleu": 0.0015176551888463215,
        "precisions": [
            0.13072893226615837,
            0.00669069252405441,
            0.0006222610583733831,
            0.00010234475359618289
        ],
        "brevity_penalty": 0.5555240464189871,
        "length_ratio": 0.6297850346789969,
        "translation_length": 339963,
        "reference_length": 539808
    },
    "rouge": {
        "rouge1": 0.08747778660162034,
        "rouge2": 0.013108636334488867,
        "rougeL": 0.06961790623775799,
        "rougeLsum": 0.06965589875790767
    },
    "meteor": {
        "meteor": 0.062382172987872006
    },
    "bertscore": {
        "avg_precision": 0.46794888998911444,
        "avg_recall": 0.43985865452655654,
        "avg_f1": 0.4497376877838159
    },
    "cer": 0.9759802059473144,
    "wer": 1.1743966664990588
}