{
  "Meta-Llama-3-8B": {
    "insan_sonuclari": {
      "average": 2.425974025974026,
      "median": 3.0,
      "std_dev": 5.544831550769322,
      "min": -10.0,
      "max": 10.0,
      "zero_count": 62,
      "positive_count": 241,
      "negative_count": 82,
      "score_distribution": {
        "-10.0": 19,
        "-9.0": 4,
        "-8.0": 8,
        "-7.0": 3,
        "-6.0": 4,
        "-5.0": 20,
        "-4.0": 7,
        "-3.0": 7,
        "-2.0": 5,
        "-1.0": 5,
        "0.0": 62,
        "1.0": 11,
        "2.0": 21,
        "3.0": 21,
        "4.0": 24,
        "5.0": 43,
        "6.0": 14,
        "7.0": 27,
        "8.0": 24,
        "9.0": 19,
        "10.0": 37
      }
    },
    "bleu": {
      "bleu": 0.00555928704181376,
      "precisions": [
        0.1642461095500119,
        0.01438847595174317,
        0.002006987801424128,
        0.0003836420159620655
      ],
      "brevity_penalty": 0.85118488403889,
      "length_ratio": 0.861233035682326,
      "translation_length": 1660155,
      "reference_length": 1927649
    },
    "rouge": {
      "rouge1": 0.13394405233814233,
      "rouge2": 0.02135233738972176,
      "rougeL": 0.08524144172539304,
      "rougeLsum": 0.0854031857913361
    },
    "meteor": {
      "meteor": 0.07634440558475
    },
    "ELO": {
      "gpt4o": 1151.4810863608486,
      "llama3": 1175.242606279569,
      "copilot": 1090.6751208725582,
      "gemini": 1207.6337537045256,
      "claude": 1148.633498412953
    },
    "WinPct": {
      "gpt4o": 38.333333333333336,
      "llama3": 46.666666666666664,
      "copilot": 31.666666666666664,
      "gemini": 51.66666666666667,
      "claude": 40.0
    },
    "bertscore": {
      "avg_precision": 0.4753666943666914,
      "avg_recall": 0.4517074293923387,
      "avg_f1": 0.460169219357044
    },
    "cer": 0.9793142905442043,
    "wer": 1.1927122422441019
  }
}