{
    "doktor-meta-llama-3-8b": {
        "bleu": {
            "bleu": 0.00555928704181376,
            "precisions": [
                0.1642461095500119,
                0.01438847595174317,
                0.002006987801424128,
                0.0003836420159620655
            ],
            "brevity_penalty": 0.85118488403889,
            "length_ratio": 0.861233035682326,
            "translation_length": 1660155,
            "reference_length": 1927649
        },
        "rouge": {
            "rouge1": 0.13394405233814233,
            "rouge2": 0.02135233738972176,
            "rougeL": 0.08524144172539304,
            "rougeLsum": 0.0854031857913361
        },
        "meteor": {
            "meteor": 0.07634440558475
        },
        "ELO": {
            "gpt4o": 1151.4810863608486,
            "llama3": 1175.242606279569,
            "copilot": 1090.6751208725582
        },
        "WinPct": {
            "gpt4o": 38.333333333333336,
            "llama3": 46.666666666666664,
            "copilot": 31.666666666666664
        },
        "bertscore": {
            "avg_precision": 0.4753666943666914,
            "avg_recall": 0.4517074293923387,
            "avg_f1": 0.460169219357044
        },
        "cer": 0.9793142905442043,
        "wer": 1.1927122422441019
    }
}