{
    "bleu": {
        "bleu": 0.012500712505115823,
        "precisions": [
            0.21632918829580347,
            0.031322250887264015,
            0.0071897847005443685,
            0.002414822927225206
        ],
        "brevity_penalty": 0.6749824050176584,
        "length_ratio": 0.7178397104452107,
        "translation_length": 1383743,
        "reference_length": 1927649
    },
    "rouge": {
        "rouge1": 0.15805913274434938,
        "rouge2": 0.03614555079722654,
        "rougeL": 0.10463267191525699,
        "rougeLsum": 0.10482667133551339
    },
    "meteor": {
        "meteor": 0.09022391459663257
    },
    "cer": 0.8573057871536925,
    "wer": 1.0714403368629637
}