{
  "insan_sonuclari": {
    "average": 2.9877300613496933,
    "median": 5.0,
    "std_dev": 5.19998547934227,
    "min": -10.0,
    "max": 10.0,
    "zero_count": 36,
    "positive_count": 232,
    "negative_count": 58,
    "score_distribution": {
      "-10.0": 15,
      "-9.0": 2,
      "-8.0": 2,
      "-7.0": 2,
      "-6.0": 3,
      "-5.0": 19,
      "-4.0": 2,
      "-3.0": 3,
      "-2.0": 7,
      "-1.0": 3,
      "0.0": 36,
      "1.0": 18,
      "2.0": 12,
      "3.0": 23,
      "4.0": 13,
      "5.0": 65,
      "6.0": 15,
      "7.0": 15,
      "8.0": 31,
      "9.0": 12,
      "10.0": 28
    }
  },
  "doktor-Mistral-trendyol-7b": {
    "bleu": {
      "bleu": 0.012500712505115823,
      "precisions": [
        0.21632918829580347,
        0.031322250887264015,
        0.0071897847005443685,
        0.002414822927225206
      ],
      "brevity_penalty": 0.6749824050176584,
      "length_ratio": 0.7178397104452107,
      "translation_length": 1383743,
      "reference_length": 1927649
    },
    "rouge": {
      "rouge1": 0.15804660884945038,
      "rouge2": 0.03618338328719549,
      "rougeL": 0.10461092685777085,
      "rougeLsum": 0.10481287619595983
    },
    "meteor": {
      "meteor": 0.09022391459663257
    },
    "ELO": {
      "gpt4o": 1226.034485653224,
      "llama3": 1263.7030776832291,
      "copilot": 1236.1517986372344,
      "gemini": 1246.6363650171988,
      "claude": 1217.2153949633669
    },
    "WinPct": {
      "gpt4o": 46.666666666666664,
      "llama3": 56.666666666666664,
      "copilot": 50.0,
      "gemini": 48.333333333333336,
      "claude": 53.333333333333336
    },
    "bertscore": {
      "avg_precision": 0.5154816004527559,
      "avg_recall": 0.47385425568935374,
      "avg_f1": 0.4909490932589718
    },
    "cer": 0.8573057871536925,
    "wer": 1.0714403368629637
  }
}