{
    "patient-doctor-qa-tr-5695":{        
        "doktor-meta-llama-3-8b":{
            "bleu": {
                "bleu": 0.008325145953646154,
                "precisions": [
                    0.13602780494911446,
                    0.01381361115211844,
                    0.002949663353638987,
                    0.0008666825558468572
                ],
                "brevity_penalty": 1.0,
                "length_ratio": 1.2028488459420217,
                "translation_length": 48049,
                "reference_length": 39946
            },
            "rouge": {
                "rouge1": 0.1786228055845711,
                "rouge2": 0.029750992915398677,
                "rougeL": 0.10276443382203126,
                "rougeLsum": 0.10284007605230219
            },
            "meteor": {
                "meteor": 0.09375668252882828
            },
            "bertscore": {
                "avg_precision": 0.48546708846771264,
                "avg_recall": 0.48737929817996445,
                "avg_f1": 0.48305423996305163
            },
            "cer": 1.123317449631616,
            "wer": 1.3300018062496237
        },
        "doktor-LLama2-sambanovasystems-7b":{
            "bleu": {
                "bleu": 0.018025517818188796,
                "precisions": [
                    0.1991361882006984,
                    0.03220466046104829,
                    0.009175481075570282,
                    0.004388388648701362
                ],
                "brevity_penalty": 0.7996262437091122,
                "length_ratio": 0.8172532919441245,
                "translation_length": 32646,
                "reference_length": 39946
            },
            "rouge": {
                "rouge1": 0.22374284061500466,
                "rouge2": 0.05894650100649257,
                "rougeL": 0.1378006000432001,
                "rougeLsum": 0.13773890579170509
            },
            "meteor": {
                "meteor": 0.1063099329187924
            },
            "bertscore": {
                "avg_precision": 0.5291635486049743,
                "avg_recall": 0.5241364808871022,
                "avg_f1": 0.5241521948689147
            },
            "cer": 0.8243641191315239,
            "wer": 1.0606899873562525
        },
        "doktor-Mistral-trendyol-7b":{
            "bleu": {
                "bleu": 0.015469932018868033,
                "precisions": [
                    0.2369672943508424,
                    0.035866117821715365,
                    0.008584430807419155,
                    0.0028194826249383236
                ],
                "brevity_penalty": 0.7263985662267421,
                "length_ratio": 0.7577729935412807,
                "translation_length": 30270,
                "reference_length": 39946
            },
            "rouge": {
                "rouge1": 0.20761753436741748,
                "rouge2": 0.05148255621674637,
                "rougeL": 0.12704014715714818,
                "rougeLsum": 0.12724460618579073
            },
            "meteor": {
                "meteor": 0.11455916601595038
            },
            "bertscore": {
                "avg_precision": 0.5448487717658281,
                "avg_recall": 0.5135591709161107,
                "avg_f1": 0.525247194721729
            },
            "cer": 0.8214794784328917,
            "wer": 1.0430790535251973
        },
        "doktor-llama-3-cosmos-8b":{
            "bleu": {
                "bleu": 0.010267583842971913,
                "precisions": [
                    0.14657084981190316,
                    0.01611323342149084,
                    0.0035817331608795143,
                    0.0013138612360402244
                ],
                "brevity_penalty": 1.0,
                "length_ratio": 1.038101436939869,
                "translation_length": 41468,
                "reference_length": 39946
            },
            "rouge": {
                "rouge1": 0.17562598264430657,
                "rouge2": 0.03198373788126213,
                "rougeL": 0.1019651391456737,
                "rougeLsum": 0.10209525708985961
            },
            "meteor": {
                "meteor": 0.08830023758436374
            },
            "bertscore": {
                "avg_precision": 0.4730260064000193,
                "avg_recall": 0.4650406442535452,
                "avg_f1": 0.465096736845525
            },
            "cer": 1.0295196151806567,
            "wer": 1.2859895237521826
        }
    },
    "patient-doctor-qa-tr-19583":{      
        "doktor-meta-llama-3-8b":{
            "bleu": {
                "bleu": 0.006383711616161417,
                "precisions": [
                    0.17861803426094575,
                    0.017835621920179425,
                    0.00257338611592447,
                    0.0004549957107175188
                ],
                "brevity_penalty": 0.8168490433545865,
                "length_ratio": 0.8317384951119328,
                "translation_length": 216865,
                "reference_length": 260737
            },
            "rouge": {
                "rouge1": 0.19012483967751986,
                "rouge2": 0.03016123102327411,
                "rougeL": 0.09978288134390144,
                "rougeLsum": 0.10073748060892826
            },
            "meteor": {
                "meteor": 0.09194912750280643
            },
            "bertscore": {
                "avg_precision": 0.48481962291773056,
                "avg_recall": 0.4634077791828544,
                "avg_f1": 0.4712486939544697
            },
            "cer": 0.9776979378074985,
            "wer": 1.178461863472702
        },
        "doktor-LLama2-sambanovasystems-7b":{
            "bleu": {
                "bleu": 0.01849597705931215,
                "precisions": [
                    0.19437021119675124,
                    0.03376283332184938,
                    0.009613557247945414,
                    0.003919936008681863
                ],
                "brevity_penalty": 0.8294101708243162,
                "length_ratio": 0.8424312621530508,
                "translation_length": 219653,
                "reference_length": 260737
            },
            "rouge": {
                "rouge1": 0.2305968832492587,
                "rouge2": 0.054161835452836773,
                "rougeL": 0.12419342172505357,
                "rougeLsum": 0.12539137681607965
            },
            "meteor": {
                "meteor": 0.10967760181586154
            },
            "bertscore": {
                "avg_precision": 0.4975344438459705,
                "avg_recall": 0.4948633011807217,
                "avg_f1": 0.49406904882472674
            },
            "cer": 0.9111214587740365,
            "wer": 1.1435217503122934
        },
        "doktor-Mistral-trendyol-7b":{
            "bleu": {
                "bleu": 0.014105175161840075,
                "precisions": [
                    0.21781330724668693,
                    0.03469695488160732,
                    0.008375226796566729,
                    0.0023267417736810314
                ],
                "brevity_penalty": 0.7200262837887914,
                "length_ratio": 0.7527470209444767,
                "translation_length": 196269,
                "reference_length": 260737
            },
            "rouge": {
                "rouge1": 0.2168126408888113,
                "rouge2": 0.04801329344229897,
                "rougeL": 0.11676174270388742,
                "rougeLsum": 0.11820663271957668
            },
            "meteor": {
                "meteor": 0.10784374569966687
            },
            "bertscore": {
                "avg_precision": 0.5193018798428123,
                "avg_recall": 0.48659285583340234,
                "avg_f1": 0.4998322373695588
            },
            "cer": 0.9121004457312114,
            "wer": 1.1256475494158278
        },