{
    "bleu": {
        "bleu": 0.010267583842971913,
        "precisions": [
            0.14657084981190316,
            0.01611323342149084,
            0.0035817331608795143,
            0.0013138612360402244
        ],
        "brevity_penalty": 1.0,
        "length_ratio": 1.038101436939869,
        "translation_length": 41468,
        "reference_length": 39946
    },
    "rouge": {
        "rouge1": 0.17562598264430657,
        "rouge2": 0.03198373788126213,
        "rougeL": 0.1019651391456737,
        "rougeLsum": 0.10209525708985961
    },
    "meteor": {
        "meteor": 0.08830023758436374
    },
    "bertscore": {
        "avg_precision": 0.4730260064000193,
        "avg_recall": 0.4650406442535452,
        "avg_f1": 0.465096736845525
    },
    "cer": 1.0295196151806567,
    "wer": 1.2859895237521826
}