{
    "bleu": {
        "bleu": 0.00901211664995251,
        "precisions": [
            0.15428308056976056,
            0.01919798810751936,
            0.0038142198044654064,
            0.0010408077749692489
        ],
        "brevity_penalty": 0.865444531869052,
        "length_ratio": 0.8737348362526224,
        "translation_length": 227815,
        "reference_length": 260737
    },
    "rouge": {
        "rouge1": 0.18865002484250937,
        "rouge2": 0.03318153110324319,
        "rougeL": 0.09793938880775713,
        "rougeLsum": 0.09952368519019522
    },
    "meteor": {
        "meteor": 0.08319718697956655
    },
    "bertscore": {
        "avg_precision": 0.4687337386930805,
        "avg_recall": 0.44252339386751266,
        "avg_f1": 0.451178317628915
    },
    "cer": 1.0350247191225606,
    "wer": 1.2306332206627968
}