{
    "bleu": {
        "bleu": 0.00860727973960856,
        "precisions": [
            0.16137268646254344,
            0.018718525672398668,
            0.0032661180130218043,
            0.0007600267036409387
        ],
        "brevity_penalty": 0.9249650427176678,
        "length_ratio": 0.9276443580326393,
        "translation_length": 1005765,
        "reference_length": 1084214
    },
    "rouge": {
        "rouge1": 0.20094921953361178,
        "rouge2": 0.036696710333697966,
        "rougeL": 0.10853519777963239,
        "rougeLsum": 0.10877594844678086
    },
    "meteor": {
        "meteor": 0.08840776273642131
    },
    "bertscore": {
        "avg_precision": 0.47616352210483043,
        "avg_recall": 0.4512907787308592,
        "avg_f1": 0.4606232231926085
    },
    "cer": 0.981614740941486,
    "wer": 1.2081522875086952
}