{
    "bleu": {
        "bleu": 0.002358728575694429,
        "precisions": [
            0.08753135036372096,
            0.005569502541399133,
            0.0006131483179873536,
            0.00010355386139851276
        ],
        "brevity_penalty": 1.0,
        "length_ratio": 1.142663687829747,
        "translation_length": 616819,
        "reference_length": 539808
    },
    "rouge": {
        "rouge1": 0.09572662232114604,
        "rouge2": 0.013816709170298935,
        "rougeL": 0.07216932620287515,
        "rougeLsum": 0.07221657518341343
    },
    "meteor": {
        "meteor": 0.06717436598626902
    },
    "bertscore": {
        "avg_precision": 0.44780127554108046,
        "avg_recall": 0.4425458029014931,
        "avg_f1": 0.440797182487572
    },
    "cer": 1.323151785490882,
    "wer": 1.5771560742167432
}