{
    "bleu": {
        "bleu": 0.02670479146606127,
        "precisions": [
            0.20544971422841674,
            0.037694406603742986,
            0.013440121981710941,
            0.0069241257553026596
        ],
        "brevity_penalty": 0.9165402431006996,
        "length_ratio": 0.9198368587751127,
        "translation_length": 997300,
        "reference_length": 1084214
    },
    "rouge": {
        "rouge1": 0.2508545617118369,
        "rouge2": 0.06635513114826691,
        "rougeL": 0.1428835362075748,
        "rougeLsum": 0.14291805614009015
    },
    "meteor": {
        "meteor": 0.12002667905563866
    },
    "bertscore": {
        "avg_precision": 0.5130945053125523,
        "avg_recall": 0.513637477845833,
        "avg_f1": 0.5124476556212189
    },
    "cer": 0.8360481844602694,
    "wer": 1.0707203974179336
}