{
    "bleu": {
        "bleu": 0.023347834005088625,
        "precisions": [
            0.12816111261066201,
            0.023616618519541416,
            0.012954377787465209,
            0.009191509419551378
        ],
        "brevity_penalty": 0.9529108071505367,
        "length_ratio": 0.9539854911375897,
        "translation_length": 514969,
        "reference_length": 539808
    },
    "rouge": {
        "rouge1": 0.132404941488444,
        "rouge2": 0.038639411762102005,
        "rougeL": 0.10456749259619949,
        "rougeLsum": 0.10455334482386666
    },
    "meteor": {
        "meteor": 0.09780439646392139
    },
    "bertscore": {
        "avg_precision": 0.48490080844461286,
        "avg_recall": 0.4877272580850704,
        "avg_f1": 0.48220819347551835
    },
    "cer": 1.096641869129967,
    "wer": 1.3433912600537365
}