{
    "bleu": {
        "bleu": 0.01849597705931215,
        "precisions": [
            0.19437021119675124,
            0.03376283332184938,
            0.009613557247945414,
            0.003919936008681863
        ],
        "brevity_penalty": 0.8294101708243162,
        "length_ratio": 0.8424312621530508,
        "translation_length": 219653,
        "reference_length": 260737
    },
    "rouge": {
        "rouge1": 0.2305968832492587,
        "rouge2": 0.054161835452836773,
        "rougeL": 0.12419342172505357,
        "rougeLsum": 0.12539137681607965
    },
    "meteor": {
        "meteor": 0.10967760181586154
    },
    "bertscore": {
        "avg_precision": 0.4975344438459705,
        "avg_recall": 0.4948633011807217,
        "avg_f1": 0.49406904882472674
    },
    "cer": 0.9111214587740365,
    "wer": 1.1435217503122934
}