{
    "bleu": {
        "bleu": 0.018025517818188796,
        "precisions": [
            0.1991361882006984,
            0.03220466046104829,
            0.009175481075570282,
            0.004388388648701362
        ],
        "brevity_penalty": 0.7996262437091122,
        "length_ratio": 0.8172532919441245,
        "translation_length": 32646,
        "reference_length": 39946
    },
    "rouge": {
        "rouge1": 0.22374284061500466,
        "rouge2": 0.05894650100649257,
        "rougeL": 0.1378006000432001,
        "rougeLsum": 0.13773890579170509
    },
    "meteor": {
        "meteor": 0.1063099329187924
    },
    "bertscore": {
        "avg_precision": 0.5291635486049743,
        "avg_recall": 0.5241364808871022,
        "avg_f1": 0.5241521948689147
    },
    "cer": 0.8243641191315239,
    "wer": 1.0606899873562525
}