{
    "doktor-llama-3-cosmos-8b": {
        "bleu": {
            "bleu": 0.007264060565870142,
            "precisions": [
                0.1364860818530302,
                0.014549417431316094,
                0.002511453784540704,
                0.0006042464478224274
            ],
            "brevity_penalty": 0.9804176920850618,
            "length_ratio": 0.9806069465966055,
            "translation_length": 1890266,
            "reference_length": 1927649
        },
        "rouge": {
            "rouge1": 0.13821136889830793,
            "rouge2": 0.02299150872234986,
            "rougeL": 0.08652656563040553,
            "rougeLsum": 0.08675545942606364
        },
        "meteor": {
            "meteor": 0.07563790050497571
        },
        "bertscore": {
            "avg_precision": 0.45910785496207057,
            "avg_recall": 0.4458325789202743,
            "avg_f1": 0.4485247866760372
        },
        "cer": 1.083910299755679,
        "wer": 1.3155291349309555
    }
}