{
  "doktor-LLama2-sambanovasystems-7b": {
    "insan_sonuclari": {
      "average": 3.193846153846154,
      "median": 5.0,
      "std_dev": 5.754973075498712,
      "min": -10.0,
      "max": 10.0,
      "zero_count": 24,
      "positive_count": 232,
      "negative_count": 69,
      "score_distribution": {
        "-10.0": 19,
        "-9.0": 1,
        "-8.0": 7,
        "-7.0": 3,
        "-6.0": 1,
        "-5.0": 17,
        "-4.0": 4,
        "-3.0": 8,
        "-2.0": 7,
        "-1.0": 2,
        "0.0": 24,
        "1.0": 13,
        "2.0": 7,
        "3.0": 18,
        "4.0": 18,
        "5.0": 47,
        "6.0": 17,
        "7.0": 18,
        "8.0": 44,
        "9.0": 7,
        "10.0": 43
      }
    },
    "bleu": {
      "bleu": 0.024793218929907726,
      "precisions": [
        0.18164977488645154,
        0.033118832425518704,
        0.01275841749752712,
        0.007123120171185049
      ],
      "brevity_penalty": 0.9117770881539342,
      "length_ratio": 0.915449337509059,
      "translation_length": 1764665,
      "reference_length": 1927649
    },
    "rouge": {
      "rouge1": 0.17979371398446373,
      "rouge2": 0.04928744722457096,
      "rougeL": 0.11923441201060592,
      "rougeLsum": 0.1193698084805046
    },
    "meteor": {
      "meteor": 0.10606455077631721
    },
    "ELO": {
      "gpt4o": 1277.3957671690614,
      "llama3": 1258.4250983515349,
      "copilot": 1334.9715228194004,
      "gemini": 1282.4952151771274,
      "claude": 1323.7879859660734
    },
    "WinPct": {
      "gpt4o": 63.33333333333333,
      "llama3": 56.666666666666664,
      "copilot": 66.66666666666666,
      "gemini": 63.33333333333333,
      "claude": 60.0
    },
    "bertscore": {
      "avg_precision": 0.49604598695994806,
      "avg_recall": 0.49745242382882393,
      "avg_f1": 0.49386531024891034
    },
    "cer": 0.9179966637109995,
    "wer": 1.156430119512044
  }
}