{
  "insan_sonuclari": {
    "average": 0.011363636363636364,
    "median": 0.0,
    "std_dev": 6.116944742844502,
    "min": -10.0,
    "max": 10.0,
    "zero_count": 37,
    "positive_count": 82,
    "negative_count": 57,
    "score_distribution": {
      "-10.0": 22,
      "-9.0": 1,
      "-8.0": 12,
      "-7.0": 1,
      "-6.0": 1,
      "-5.0": 16,
      "-4.0": 1,
      "-3.0": 1,
      "-2.0": 1,
      "-1.0": 1,
      "0.0": 37,
      "1.0": 13,
      "2.0": 4,
      "3.0": 12,
      "4.0": 5,
      "5.0": 13,
      "6.0": 5,
      "7.0": 7,
      "8.0": 9,
      "9.0": 3,
      "10.0": 11
    }
  },
  "doktor-llama-3-cosmos-8b": {
    "bleu": {
      "bleu": 0.007264060565870142,
      "precisions": [
        0.1364860818530302,
        0.014549417431316094,
        0.002511453784540704,
        0.0006042464478224274
      ],
      "brevity_penalty": 0.9804176920850618,
      "length_ratio": 0.9806069465966055,
      "translation_length": 1890266,
      "reference_length": 1927649
    },
    "rouge": {
      "rouge1": 0.13821136889830793,
      "rouge2": 0.02299150872234986,
      "rougeL": 0.08652656563040553,
      "rougeLsum": 0.08675545942606364
    },
    "meteor": {
      "meteor": 0.07563790050497571
    },
    "ELO": {
      "gpt4o": 1145.0886608168662,
      "llama3": 1102.6292176856673,
      "copilot": 1138.2015576708072,
      "gemini": 1063.2346661011484,
      "claude": 1110.3631206576067
    },
    "WinPct": {
      "gpt4o": 31.666666666666664,
      "llama3": 21.666666666666668,
      "copilot": 33.33333333333333,
      "gemini": 25.0,
      "claude": 28.333333333333332
    },
    "bertscore": {
      "avg_precision": 0.45910785496207057,
      "avg_recall": 0.4458325789202743,
      "avg_f1": 0.4485247866760372
    },
    "cer": 1.083910299755679,
    "wer": 1.3155291349309555
  }
}